{
  "name": "autocomplete-whisper",
  "title": "Autocomplete Whisper",
  "description": "Whisper quicker with autocomplete typeahead suggestions and a popup menu of whisper targets.",
  "author": "orcnog",
  "version": "1.0.0",
  "minimumCoreVersion": "0.6.2",
  "scripts": [
	  "scripts/autocomplete-whisper.js"	
  ],
  "styles": [
    "styles/autocomplete-whisper.css"
  ],
  "manifest": "https://raw.githubusercontent.com/orcnog/autocomplete-whisper/master/module.json",
  "download": "https://github.com/orcnog/autocomplete-whisper/raw/master/autocomplete-whisper.zip",
  "url": "https://github.com/orcnog/autocomplete-whisper/"
}