{
  "name": "autocomplete-whisper",
  "title": "Autocomplete Whisper",
  "description": "Whisper quicker with typeahead autocomplete suggestions and a popup menu of whisper targets.",
  "author": "orcnog",
  "version": "1.0.1",
  "scripts": [
    "scripts/autocomplete-whisper.js"
  ],
  "styles": [
    "styles/autocomplete-whisper.css"
  ],
  "manifest": "https://raw.githubusercontent.com/orcnog/autocomplete-whisper/master/module.json",
  "download": "https://github.com/orcnog/autocomplete-whisper/raw/master/download/autocomplete-whisper.1.0.1.zip",
  "url": "https://github.com/orcnog/autocomplete-whisper/",
  "compatibility": {
    "minimum": "6",
    "verified": "10"
  }
}